algorithm,parameters,dataset,count,qps,distcomps,build,indexsize,queriessize,mean_ssd_ios,mean_latency,recall/ap
buddy-t1,"FaissIVFPQ(nprobe=1,quantizer_efSearch=4)",bigann-1B,10,316407.9662039831,1245.7397,1000000.0,54673208.0,172.7933991546631,0,0,0.14501
buddy-t1,"FaissIVFPQ(nprobe=4,quantizer_efSearch=4)",bigann-1B,10,179623.73396715274,4998.7581,1000000.0,54673208.0,304.37630257701875,0,0,0.26944
buddy-t1,"FaissIVFPQ(nprobe=32,quantizer_efSearch=128)",bigann-1B,10,20167.463401640016,38965.7721,1000000.0,54673208.0,2710.9610619426726,0,0,0.58884
buddy-t1,"FaissIVFPQ(nprobe=64,quantizer_efSearch=256)",bigann-1B,10,11366.24010674928,77016.834,1000000.0,54673208.0,4810.140159500504,0,0,0.63012
buddy-t1,"FaissIVFPQ(nprobe=64,quantizer_efSearch=128)",bigann-1B,10,14604.39715788528,77058.5433,1000000.0,54673208.0,3743.6127906505585,0,0,0.6298600000000001
buddy-t1,"FaissIVFPQ(nprobe=128,quantizer_efSearch=128)",bigann-1B,10,8540.919933355515,151963.0167,1000000.0,54673208.0,6401.32543409996,0,0,0.65529
buddy-t1,"FaissIVFPQ(nprobe=16,quantizer_efSearch=64)",bigann-1B,10,40252.05132388365,19649.5425,1000000.0,54673208.0,1358.2713477153777,0,0,0.52669
buddy-t1,"FaissIVFPQ(nprobe=128,quantizer_efSearch=64)",bigann-1B,10,9237.291551089598,152193.2372,1000000.0,54673208.0,5918.748769334983,0,0,0.65124
buddy-t1,"FaissIVFPQ(nprobe=32,quantizer_efSearch=32)",bigann-1B,10,32060.78418632738,39089.1637,1000000.0,54673208.0,1705.2985255212784,0,0,0.58016
buddy-t1,"FaissIVFPQ(nprobe=64,quantizer_efSearch=64)",bigann-1B,10,16916.64297137003,77170.1085,1000000.0,54673208.0,3231.9183003702165,0,0,0.62765
buddy-t1,"FaissIVFPQ(nprobe=128,quantizer_efSearch=512)",bigann-1B,10,5882.394025356974,151779.1556,1000000.0,54673208.0,9294.38044515934,0,0,0.65654
buddy-t1,"FaissIVFPQ(nprobe=16,quantizer_efSearch=32)",bigann-1B,10,52863.203373723576,19686.379,1000000.0,54673208.0,1034.239404931259,0,0,0.52309
buddy-t1,"FaissIVFPQ(nprobe=32,quantizer_efSearch=8)",bigann-1B,10,36623.92729533476,39159.0556,1000000.0,54673208.0,1492.827559401703,0,0,0.52636
buddy-t1,"FaissIVFPQ(nprobe=8,quantizer_efSearch=32)",bigann-1B,10,72809.05585962793,9859.1105,1000000.0,54673208.0,750.912195667076,0,0,0.44559
buddy-t1,"FaissIVFPQ(nprobe=4,quantizer_efSearch=8)",bigann-1B,10,169042.68481910037,4977.0801,1000000.0,54673208.0,323.4284172574997,0,0,0.32964000000000004
buddy-t1,"FaissIVFPQ(nprobe=64,quantizer_efSearch=16)",bigann-1B,10,19379.897470492157,77307.5056,1000000.0,54673208.0,2821.1298890123367,0,0,0.59232
buddy-t1,"FaissIVFPQ(nprobe=64,quantizer_efSearch=32)",bigann-1B,10,18131.477837452752,77328.6604,1000000.0,54673208.0,3015.3751663345333,0,0,0.6176999999999999
buddy-t1,"FaissIVFPQ(nprobe=16,quantizer_efSearch=16)",bigann-1B,10,62126.42418281679,19746.5304,1000000.0,54673208.0,880.0314635704041,0,0,0.50839
buddy-t1,"FaissIVFPQ(nprobe=256,quantizer_efSearch=64)",bigann-1B,10,4981.1587135813315,298320.8832,1000000.0,54673208.0,10976.001999480819,0,0,0.66213
buddy-t1,"FaissIVFPQ(nprobe=32,quantizer_efSearch=64)",bigann-1B,10,27270.962301309937,39000.494,1000000.0,54673208.0,2004.81403611393,0,0,0.5875600000000001
buddy-t1,"FaissIVFPQ(nprobe=256,quantizer_efSearch=512)",bigann-1B,10,3983.2158651555983,298184.5638,1000000.0,54673208.0,13725.896323689269,0,0,0.67192
buddy-t1,"FaissIVFPQ(nprobe=8,quantizer_efSearch=8)",bigann-1B,10,115132.29372253317,9936.012,1000000.0,54673208.0,474.87291560230256,0,0,0.40381999999999996
buddy-t1,"FaissIVFPQ(nprobe=256,quantizer_efSearch=128)",bigann-1B,10,4851.495318195236,298689.3722,1000000.0,54673208.0,11269.351903721617,0,0,0.6686300000000001
buddy-t1,"FaissIVFPQ(nprobe=128,quantizer_efSearch=32)",bigann-1B,10,9619.711778178276,152079.9624,1000000.0,54673208.0,5683.455935137558,0,0,0.63652
buddy-t1,"FaissIVFPQ(nprobe=2,quantizer_efSearch=4)",bigann-1B,10,207477.55457392026,2496.714,1000000.0,54673208.0,263.5138442434311,0,0,0.20817999999999998
buddy-t1,"FaissIVFPQ(nprobe=8,quantizer_efSearch=4)",bigann-1B,10,119859.51676739966,9940.8863,1000000.0,54673208.0,456.14407161426544,0,0,0.38421
buddy-t1,"FaissIVFPQ(nprobe=128,quantizer_efSearch=256)",bigann-1B,10,7635.551712367733,151818.2421,1000000.0,54673208.0,7160.348074316978,0,0,0.6563399999999999
buddy-t1,"FaissIVFPQ(nprobe=8,quantizer_efSearch=16)",bigann-1B,10,97313.15442065283,9893.5842,1000000.0,54673208.0,561.8275178262711,0,0,0.43705999999999995
faiss-t1,"FaissIVFPQ(nprobe=1,quantizer_efSearch=4)",bigann-1B,10,378499.46757629904,1178.5049,1000000.0,44113876.0,116.54937398586273,0,0,0.14574
faiss-t1,"FaissIVFPQ(nprobe=4,quantizer_efSearch=4)",bigann-1B,10,202275.50685777116,4728.5875,1000000.0,44113876.0,218.0880754436493,0,0,0.27178
faiss-t1,"FaissIVFPQ(nprobe=32,quantizer_efSearch=128)",bigann-1B,10,21160.25892952187,37245.7762,1000000.0,44113876.0,2084.751238013172,0,0,0.5945400000000001
faiss-t1,"FaissIVFPQ(nprobe=64,quantizer_efSearch=256)",bigann-1B,10,9802.52865407528,73867.1586,1000000.0,44113876.0,4500.254735971641,0,0,0.63469
faiss-t1,"FaissIVFPQ(nprobe=64,quantizer_efSearch=128)",bigann-1B,10,11774.959054523037,73888.3986,1000000.0,44113876.0,3746.41438630352,0,0,0.63451
faiss-t1,"FaissIVFPQ(nprobe=128,quantizer_efSearch=128)",bigann-1B,10,6499.2550571277825,146056.6232,1000000.0,44113876.0,6787.52804932928,0,0,0.65793
faiss-t1,"FaissIVFPQ(nprobe=16,quantizer_efSearch=64)",bigann-1B,10,38614.472472841095,18719.8768,1000000.0,44113876.0,1142.4181964683532,0,0,0.53295
faiss-t1,"FaissIVFPQ(nprobe=128,quantizer_efSearch=64)",bigann-1B,10,6796.390428705457,146190.726,1000000.0,44113876.0,6490.780137303353,0,0,0.65343
faiss-t1,"FaissIVFPQ(nprobe=32,quantizer_efSearch=32)",bigann-1B,10,31654.837842978024,37327.3538,1000000.0,44113876.0,1393.5903326633454,0,0,0.5859099999999999
faiss-t1,"FaissIVFPQ(nprobe=64,quantizer_efSearch=64)",bigann-1B,10,13065.179117662818,73963.8242,1000000.0,44113876.0,3376.4463236759184,0,0,0.63163
faiss-t1,"FaissIVFPQ(nprobe=128,quantizer_efSearch=512)",bigann-1B,10,4924.870059312555,145959.3607,1000000.0,44113876.0,8957.368513019752,0,0,0.65917
faiss-t1,"FaissIVFPQ(nprobe=16,quantizer_efSearch=32)",bigann-1B,10,47717.366201397286,18742.6107,1000000.0,44113876.0,924.4826257554055,0,0,0.52952
faiss-t1,"FaissIVFPQ(nprobe=32,quantizer_efSearch=8)",bigann-1B,10,37376.12592542426,37394.3431,1000000.0,44113876.0,1180.2688188716888,0,0,0.53306
faiss-t1,"FaissIVFPQ(nprobe=8,quantizer_efSearch=32)",bigann-1B,10,70956.16397569327,9378.5992,1000000.0,44113876.0,621.7060439613342,0,0,0.45010000000000006
faiss-t1,"FaissIVFPQ(nprobe=4,quantizer_efSearch=8)",bigann-1B,10,163616.3058318705,4710.3657,1000000.0,44113876.0,269.6178463125229,0,0,0.33085
faiss-t1,"FaissIVFPQ(nprobe=64,quantizer_efSearch=16)",bigann-1B,10,17915.158183567088,74007.5308,1000000.0,44113876.0,2462.3771416355135,0,0,0.59695
faiss-t1,"FaissIVFPQ(nprobe=64,quantizer_efSearch=32)",bigann-1B,10,14259.128121252957,74057.656,1000000.0,44113876.0,3093.7288468745232,0,0,0.6228100000000001
faiss-t1,"FaissIVFPQ(nprobe=16,quantizer_efSearch=16)",bigann-1B,10,57084.93252108206,18791.415,1000000.0,44113876.0,772.7761784374237,0,0,0.51447
faiss-t1,"FaissIVFPQ(nprobe=256,quantizer_efSearch=64)",bigann-1B,10,3555.9139660055866,287253.2705,1000000.0,44113876.0,12405.777086208247,0,0,0.6652
faiss-t1,"FaissIVFPQ(nprobe=32,quantizer_efSearch=64)",bigann-1B,10,26771.66902300703,37271.4283,1000000.0,44113876.0,1647.7820625262261,0,0,0.5928899999999999
faiss-t1,"FaissIVFPQ(nprobe=256,quantizer_efSearch=512)",bigann-1B,10,2982.6040882892066,287485.4291,1000000.0,44113876.0,14790.389436267185,0,0,0.67394
faiss-t1,"FaissIVFPQ(nprobe=8,quantizer_efSearch=8)",bigann-1B,10,111426.17289198237,9433.1903,1000000.0,44113876.0,395.9022809009552,0,0,0.40766
faiss-t1,"FaissIVFPQ(nprobe=256,quantizer_efSearch=128)",bigann-1B,10,3463.316933451004,287782.7222,1000000.0,44113876.0,12737.464357916258,0,0,0.6720900000000001
faiss-t1,"FaissIVFPQ(nprobe=128,quantizer_efSearch=32)",bigann-1B,10,6951.681525347601,145999.2835,1000000.0,44113876.0,6345.784949892997,0,0,0.6401399999999999
faiss-t1,"FaissIVFPQ(nprobe=2,quantizer_efSearch=4)",bigann-1B,10,281909.37075721525,2361.6295,1000000.0,44113876.0,156.48247478084565,0,0,0.20867
faiss-t1,"FaissIVFPQ(nprobe=8,quantizer_efSearch=4)",bigann-1B,10,120544.33577527612,9447.9109,1000000.0,44113876.0,365.9556105750084,0,0,0.38978
faiss-t1,"FaissIVFPQ(nprobe=128,quantizer_efSearch=256)",bigann-1B,10,5800.098348377833,145978.7075,1000000.0,44113876.0,7605.711722515487,0,0,0.65904
faiss-t1,"FaissIVFPQ(nprobe=8,quantizer_efSearch=16)",bigann-1B,10,91207.68576728286,9403.3849,1000000.0,44113876.0,483.66402051420215,0,0,0.44177999999999995
buddy-t1,"FaissIVFPQ(nprobe=256,quantizer_efSearch=512)",bigann-10M,10,8907.72907175193,42846.2685,1000000.0,2543940.0,285.5879404850006,0,0,0.76063
buddy-t1,"FaissIVFPQ(nprobe=128,quantizer_efSearch=512)",bigann-10M,10,14743.58600311512,21929.822,1000000.0,2543940.0,172.54553942728043,0,0,0.7486200000000001
buddy-t1,"FaissIVFPQ(nprobe=32,quantizer_efSearch=128)",bigann-10M,10,53436.95495135093,5714.774,1000000.0,2543940.0,47.60638030958175,0,0,0.6767299999999999
buddy-t1,"FaissIVFPQ(nprobe=128,quantizer_efSearch=32)",bigann-10M,10,19174.714983080477,21926.9261,1000000.0,2543940.0,132.6715939321518,0,0,0.7359600000000001
buddy-t1,"FaissIVFPQ(nprobe=8,quantizer_efSearch=32)",bigann-10M,10,158435.2536329056,1471.0393,1000000.0,2543940.0,16.056653690814972,0,0,0.51278
buddy-t1,"FaissIVFPQ(nprobe=128,quantizer_efSearch=64)",bigann-10M,10,19626.000647601722,21957.8652,1000000.0,2543940.0,129.62090675926208,0,0,0.7457900000000001
buddy-t1,"FaissIVFPQ(nprobe=2,quantizer_efSearch=4)",bigann-10M,10,263061.4267257059,373.1039,1000000.0,2543940.0,9.670517003059388,0,0,0.25112999999999996
buddy-t1,"FaissIVFPQ(nprobe=128,quantizer_efSearch=256)",bigann-10M,10,17430.612986153767,21931.4677,1000000.0,2543940.0,145.94667451000214,0,0,0.7486200000000001
buddy-t1,"FaissIVFPQ(nprobe=64,quantizer_efSearch=256)",bigann-10M,10,28484.779337060398,11212.6218,1000000.0,2543940.0,89.30874871444702,0,0,0.7228100000000001
buddy-t1,"FaissIVFPQ(nprobe=4,quantizer_efSearch=8)",bigann-10M,10,229976.0938699419,743.3609,1000000.0,2543940.0,11.061758451461792,0,0,0.38699
buddy-t1,"FaissIVFPQ(nprobe=32,quantizer_efSearch=64)",bigann-10M,10,56555.05695547118,5717.2785,1000000.0,2543940.0,44.981653930664066,0,0,0.6762699999999999
buddy-t1,"FaissIVFPQ(nprobe=8,quantizer_efSearch=4)",bigann-10M,10,150950.2627222342,1478.1937,1000000.0,2543940.0,16.85283585548401,0,0,0.46466
buddy-t1,"FaissIVFPQ(nprobe=1,quantizer_efSearch=4,ht=112)",bigann-10M,10,293648.85111388046,186.9218,1000000.0,3001980.0,10.223026545524597,0,0,0.13227
buddy-t1,"FaissIVFPQ(nprobe=32,quantizer_efSearch=8)",bigann-10M,10,62895.65985421381,5730.2326,1000000.0,2543940.0,40.446988009929655,0,0,0.62563
buddy-t1,"FaissIVFPQ(nprobe=16,quantizer_efSearch=64)",bigann-10M,10,93360.2813515559,2903.1393,1000000.0,2543940.0,27.248632535934448,0,0,0.60784
buddy-t1,"FaissIVFPQ(nprobe=4,quantizer_efSearch=4)",bigann-10M,10,228490.2432912413,744.1178,1000000.0,2543940.0,11.13369202709198,0,0,0.33314
buddy-t1,"FaissIVFPQ(nprobe=64,quantizer_efSearch=128)",bigann-10M,10,32105.031107627492,11214.3111,1000000.0,2543940.0,79.2380481262207,0,0,0.7228
buddy-t1,"FaissIVFPQ(nprobe=64,quantizer_efSearch=16)",bigann-10M,10,35415.382874686424,11224.3707,1000000.0,2543940.0,71.83149788331986,0,0,0.6949
buddy-t1,"FaissIVFPQ(nprobe=8,quantizer_efSearch=16)",bigann-10M,10,169875.90318504357,1473.8022,1000000.0,2543940.0,14.975284618377687,0,0,0.50718
buddy-t1,"FaissIVFPQ(nprobe=8,quantizer_efSearch=8)",bigann-10M,10,154360.11806184263,1477.6244,1000000.0,2543940.0,16.48055230808258,0,0,0.48211000000000004
buddy-t1,"FaissIVFPQ(nprobe=1,quantizer_efSearch=4,ht=92)",bigann-10M,10,294293.75320128264,186.9218,1000000.0,3001980.0,10.20062426519394,0,0,0.035570000000000004
buddy-t1,"FaissIVFPQ(nprobe=16,quantizer_efSearch=16)",bigann-10M,10,109709.78972506533,2909.947,1000000.0,2543940.0,23.18790334367752,0,0,0.59578
buddy-t1,"FaissIVFPQ(nprobe=1,quantizer_efSearch=4,ht=98)",bigann-10M,10,288442.7695100817,186.9218,1000000.0,3001980.0,10.407541173934938,0,0,0.056220000000000006
buddy-t1,"FaissIVFPQ(nprobe=64,quantizer_efSearch=64)",bigann-10M,10,34245.11487284749,11222.1776,1000000.0,2543940.0,74.28621598863602,0,0,0.72183
buddy-t1,"FaissIVFPQ(nprobe=1,quantizer_efSearch=4)",bigann-10M,10,269165.86448987975,186.9218,1000000.0,2543940.0,9.451198445320129,0,0,0.16999
buddy-t1,"FaissIVFPQ(nprobe=16,quantizer_efSearch=32)",bigann-10M,10,102847.1944661725,2905.4794,1000000.0,2543940.0,24.73514239454269,0,0,0.60632
buddy-t1,"FaissIVFPQ(nprobe=256,quantizer_efSearch=64)",bigann-10M,10,10361.806885136553,42803.5461,1000000.0,2543940.0,245.511234498024,0,0,0.7557699999999999
buddy-t1,"FaissIVFPQ(nprobe=32,quantizer_efSearch=32)",bigann-10M,10,60115.7222608409,5723.8724,1000000.0,2543940.0,42.31738228082657,0,0,0.6727299999999999
buddy-t1,"FaissIVFPQ(nprobe=256,quantizer_efSearch=128)",bigann-10M,10,10161.031223889146,42880.0122,1000000.0,2543940.0,250.3623838906288,0,0,0.75971
buddy-t1,"FaissIVFPQ(nprobe=64,quantizer_efSearch=32)",bigann-10M,10,35089.41127849553,11235.1293,1000000.0,2543940.0,72.49879400396348,0,0,0.7155400000000001
buddy-t1,"FaissIVFPQ(nprobe=1,quantizer_efSearch=4,ht=104)",bigann-10M,10,291781.72913710104,186.9218,1000000.0,3001980.0,10.288444067001343,0,0,0.08616
buddy-t1,"FaissIVFPQ(nprobe=128,quantizer_efSearch=128)",bigann-10M,10,18924.853832569144,21938.9641,1000000.0,2543940.0,134.42323108577727,0,0,0.7483799999999999
faiss-t1,"FaissIVFPQ(nprobe=256,quantizer_efSearch=64)",bigann-10M,10,9435.641508504397,3724.4807,1000000.0,1272960.0,134.90974607849122,0,0,0.7502
faiss-t1,"FaissIVFPQ(nprobe=32,quantizer_efSearch=32)",bigann-10M,10,51721.57215277598,491.8391,1000000.0,1272960.0,24.61178086853027,0,0,0.59517
faiss-t1,"FaissIVFPQ(nprobe=16,quantizer_efSearch=32)",bigann-10M,10,71213.37505539265,247.7503,1000000.0,1272960.0,17.87529377746582,0,0,0.50588
faiss-t1,"FaissIVFPQ(nprobe=64,quantizer_efSearch=64)",bigann-10M,10,27779.920030890833,967.4296,1000000.0,1272960.0,45.82302607727051,0,0,0.67764
faiss-t1,"FaissIVFPQ(nprobe=64,quantizer_efSearch=256)",bigann-10M,10,15579.946933955694,962.4768,1000000.0,1272960.0,81.70502796936034,0,0,0.68324
faiss-t1,"FaissIVFPQ(nprobe=1,quantizer_efSearch=4)",bigann-10M,10,252437.76782704992,15.9984,1000000.0,1272960.0,5.042668579101563,0,0,0.1011
faiss-t1,"FaissIVFPQ(nprobe=8,quantizer_efSearch=8)",bigann-10M,10,169269.85971879188,126.0561,1000000.0,1272960.0,7.520299255371094,0,0,0.35813
faiss-t1,"FaissIVFPQ(nprobe=256,quantizer_efSearch=128)",bigann-10M,10,8732.697229308089,3721.7124,1000000.0,1272960.0,145.76939593505858,0,0,0.76204
faiss-t1,"FaissIVFPQ(nprobe=64,quantizer_efSearch=16)",bigann-10M,10,35865.612039847794,973.3515,1000000.0,1272960.0,35.4924934387207,0,0,0.62904
faiss-t1,"FaissIVFPQ(nprobe=8,quantizer_efSearch=4)",bigann-10M,10,179404.76496000684,126.5746,1000000.0,1272960.0,7.095463714599609,0,0,0.34159
faiss-t1,"FaissIVFPQ(nprobe=8,quantizer_efSearch=32)",bigann-10M,10,86886.62262575793,124.1604,1000000.0,1272960.0,14.65081690979004,0,0,0.39893999999999996
faiss-t1,"FaissIVFPQ(nprobe=4,quantizer_efSearch=4)",bigann-10M,10,261824.90090202566,63.818,1000000.0,1272960.0,4.861875228881836,0,0,0.22031
faiss-t1,"FaissIVFPQ(nprobe=16,quantizer_efSearch=64)",bigann-10M,10,49123.5812406963,246.7217,1000000.0,1272960.0,25.913420150756835,0,0,0.51052
faiss-t1,"FaissIVFPQ(nprobe=1,quantizer_efSearch=4,ht=104)",bigann-10M,10,277739.0475181438,15.9984,1000000.0,1887520.0,6.796019561767578,0,0,0.02979
faiss-t1,"FaissIVFPQ(nprobe=64,quantizer_efSearch=128)",bigann-10M,10,22120.398180499702,963.9446,1000000.0,1272960.0,57.546884536743164,0,0,0.6823
faiss-t1,"FaissIVFPQ(nprobe=32,quantizer_efSearch=8)",bigann-10M,10,66744.70489011951,494.8846,1000000.0,1272960.0,19.072074737548828,0,0,0.53067
faiss-t1,"FaissIVFPQ(nprobe=64,quantizer_efSearch=32)",bigann-10M,10,31961.228673103153,972.1294,1000000.0,1272960.0,39.82825607299805,0,0,0.6622899999999999
faiss-t1,"FaissIVFPQ(nprobe=1,quantizer_efSearch=4,ht=98)",bigann-10M,10,283264.9422570406,15.9984,1000000.0,1887520.0,6.663443717956543,0,0,0.01893
faiss-t1,"FaissIVFPQ(nprobe=1,quantizer_efSearch=4,ht=112)",bigann-10M,10,275137.36191650707,15.9984,1000000.0,1887520.0,6.860282394409179,0,0,0.05245999999999999
faiss-t1,"FaissIVFPQ(nprobe=8,quantizer_efSearch=16)",bigann-10M,10,122281.13292809142,125.0096,1000000.0,1272960.0,10.410109634399415,0,0,0.39055
faiss-t1,"FaissIVFPQ(nprobe=128,quantizer_efSearch=32)",bigann-10M,10,18914.134968771843,1907.5258,1000000.0,1272960.0,67.30204696655274,0,0,0.70268
faiss-t1,"FaissIVFPQ(nprobe=1,quantizer_efSearch=4,ht=92)",bigann-10M,10,272488.3385522914,15.9984,1000000.0,1887520.0,6.92697533416748,0,0,0.01181
faiss-t1,"FaissIVFPQ(nprobe=2,quantizer_efSearch=4)",bigann-10M,10,258771.87895240152,31.9818,1000000.0,1272960.0,4.919236221313477,0,0,0.15655
faiss-t1,"FaissIVFPQ(nprobe=128,quantizer_efSearch=64)",bigann-10M,10,17305.8616159549,1904.8986,1000000.0,1272960.0,73.55658032226562,0,0,0.7255
faiss-t1,"FaissIVFPQ(nprobe=32,quantizer_efSearch=64)",bigann-10M,10,38789.134280765255,489.3293,1000000.0,1272960.0,32.81743775939942,0,0,0.6053499999999999
faiss-t1,"FaissIVFPQ(nprobe=128,quantizer_efSearch=128)",bigann-10M,10,15159.760511939163,1897.8624,1000000.0,1272960.0,83.96966423034668,0,0,0.73191
faiss-t1,"FaissIVFPQ(nprobe=32,quantizer_efSearch=128)",bigann-10M,10,28945.238529020433,488.0919,1000000.0,1272960.0,43.97821765136719,0,0,0.60787
faiss-t1,"FaissIVFPQ(nprobe=128,quantizer_efSearch=512)",bigann-10M,10,8826.839391366824,1891.8035,1000000.0,1272960.0,144.214700592041,0,0,0.73415
faiss-t1,"FaissIVFPQ(nprobe=128,quantizer_efSearch=256)",bigann-10M,10,10312.994143853628,1893.2911,1000000.0,1272960.0,123.43263093566894,0,0,0.73376
faiss-t1,"FaissIVFPQ(nprobe=16,quantizer_efSearch=16)",bigann-10M,10,95384.48943205542,249.5161,1000000.0,1272960.0,13.345566009521484,0,0,0.48823999999999995
faiss-t1,"FaissIVFPQ(nprobe=256,quantizer_efSearch=512)",bigann-10M,10,6341.558114035751,3704.3752,1000000.0,1272960.0,200.7330023803711,0,0,0.76592
faiss-t1,"FaissIVFPQ(nprobe=4,quantizer_efSearch=8)",bigann-10M,10,152201.9051075025,63.1279,1000000.0,1272960.0,8.363627243041991,0,0,0.26875
buddy-t1,"FaissIVFPQ(nprobe=256,quantizer_efSearch=512)",deep-10M,10,9062.154441278946,46550.5984,1000000.0,2991696.0,330.13076740036007,0,0,0.77934
buddy-t1,"FaissIVFPQ(nprobe=128,quantizer_efSearch=512)",deep-10M,10,15612.568360523686,23875.111,1000000.0,2991696.0,191.6210024459839,0,0,0.76954
buddy-t1,"FaissIVFPQ(nprobe=32,quantizer_efSearch=128)",deep-10M,10,58300.0525413033,6210.7619,1000000.0,2991696.0,51.315494062042234,0,0,0.7112700000000001
buddy-t1,"FaissIVFPQ(nprobe=128,quantizer_efSearch=32)",deep-10M,10,20524.707382633755,23893.6209,1000000.0,2991696.0,145.76071386680604,0,0,0.75799
buddy-t1,"FaissIVFPQ(nprobe=8,quantizer_efSearch=32)",deep-10M,10,156099.65239268463,1591.2067,1000000.0,2991696.0,19.165295720672606,0,0,0.55579
buddy-t1,"FaissIVFPQ(nprobe=128,quantizer_efSearch=64)",deep-10M,10,20322.835416345664,23935.4478,1000000.0,2991696.0,147.20859263534544,0,0,0.7669900000000001
buddy-t1,"FaissIVFPQ(nprobe=2,quantizer_efSearch=4)",deep-10M,10,303631.4410227454,406.4264,1000000.0,2991696.0,9.853050757598876,0,0,0.27911
buddy-t1,"FaissIVFPQ(nprobe=128,quantizer_efSearch=256)",deep-10M,10,18409.764456367542,23879.719,1000000.0,2991696.0,162.50593575439456,0,0,0.76949
buddy-t1,"FaissIVFPQ(nprobe=64,quantizer_efSearch=256)",deep-10M,10,30852.74362816385,12204.3384,1000000.0,2991696.0,96.9669354549408,0,0,0.7494
buddy-t1,"FaissIVFPQ(nprobe=4,quantizer_efSearch=8)",deep-10M,10,265098.1879317646,807.116,1000000.0,2991696.0,11.285237456130982,0,0,0.42866
buddy-t1,"FaissIVFPQ(nprobe=32,quantizer_efSearch=64)",deep-10M,10,64634.350806252776,6216.3953,1000000.0,2991696.0,46.286470935058595,0,0,0.71092
buddy-t1,"FaissIVFPQ(nprobe=8,quantizer_efSearch=4)",deep-10M,10,212399.93518068385,1605.8269,1000000.0,2991696.0,14.085202038574218,0,0,0.50896
buddy-t1,"FaissIVFPQ(nprobe=2,quantizer_efSearch=8)",deep-10M,10,355341.08238164627,404.347,1000000.0,2543976.0,7.159251001739502,0,0,0.32144
buddy-t1,"FaissIVFPQ(nprobe=2,quantizer_efSearch=16)",deep-10M,10,320229.65688894317,402.3868,1000000.0,2543976.0,7.944223607254028,0,0,0.3288
buddy-t1,"FaissIVFPQ(nprobe=32,quantizer_efSearch=8)",deep-10M,10,70108.38097148397,6246.3014,1000000.0,2991696.0,42.67244455718994,0,0,0.66634
buddy-t1,"FaissIVFPQ(nprobe=16,quantizer_efSearch=64)",deep-10M,10,105292.72217438565,3148.3141,1000000.0,2991696.0,28.413131869125365,0,0,0.6477299999999999
buddy-t1,"FaissIVFPQ(nprobe=4,quantizer_efSearch=4)",deep-10M,10,271005.89269099553,808.2758,1000000.0,2991696.0,11.039228594970703,0,0,0.36682000000000003
buddy-t1,"FaissIVFPQ(nprobe=64,quantizer_efSearch=128)",deep-10M,10,26152.581834688255,12209.5633,1000000.0,2991696.0,114.3939064567566,0,0,0.74907
buddy-t1,"FaissIVFPQ(nprobe=64,quantizer_efSearch=16)",deep-10M,10,38359.180157102106,12237.5344,1000000.0,2991696.0,77.9916564365387,0,0,0.72601
buddy-t1,"FaissIVFPQ(nprobe=8,quantizer_efSearch=16)",deep-10M,10,158502.31085212436,1595.902,1000000.0,2991696.0,18.87477844276428,0,0,0.55242
buddy-t1,"FaissIVFPQ(nprobe=8,quantizer_efSearch=8)",deep-10M,10,179463.10447812284,1603.654,1000000.0,2991696.0,16.670256589508057,0,0,0.52678
buddy-t1,"FaissIVFPQ(nprobe=16,quantizer_efSearch=16)",deep-10M,10,120655.30007738179,3163.3245,1000000.0,2991696.0,24.79539645652771,0,0,0.63773
buddy-t1,"FaissIVFPQ(nprobe=64,quantizer_efSearch=64)",deep-10M,10,37467.14046568798,12224.9102,1000000.0,2991696.0,79.84852761154175,0,0,0.74819
buddy-t1,"FaissIVFPQ(nprobe=1,quantizer_efSearch=4)",deep-10M,10,321673.7479868088,204.869,1000000.0,2991696.0,9.300404582977293,0,0,0.195
buddy-t1,"FaissIVFPQ(nprobe=16,quantizer_efSearch=32)",deep-10M,10,111810.83638787072,3153.0277,1000000.0,2991696.0,26.75676255226135,0,0,0.6458
buddy-t1,"FaissIVFPQ(nprobe=256,quantizer_efSearch=64)",deep-10M,10,10532.048352509279,46469.0791,1000000.0,2991696.0,284.05642472076414,0,0,0.7746999999999999
buddy-t1,"FaissIVFPQ(nprobe=32,quantizer_efSearch=32)",deep-10M,10,67389.41963181115,6229.2384,1000000.0,2991696.0,44.394149947357185,0,0,0.70741
buddy-t1,"FaissIVFPQ(nprobe=256,quantizer_efSearch=128)",deep-10M,10,10224.069820899174,46629.5253,1000000.0,2991696.0,292.6130251853943,0,0,0.77819
buddy-t1,"FaissIVFPQ(nprobe=64,quantizer_efSearch=32)",deep-10M,10,37664.841332416174,12249.3044,1000000.0,2991696.0,79.42940668716432,0,0,0.74235
buddy-t1,"FaissIVFPQ(nprobe=128,quantizer_efSearch=128)",deep-10M,10,19778.771098302423,23898.7614,1000000.0,2991696.0,151.25793130073546,0,0,0.76901
faiss-t1,"FaissIVFPQ(nprobe=256,quantizer_efSearch=64)",deep-10M,10,9903.400440497013,4267.9253,1000000.0,1881276.0,189.9626306442261,0,0,0.76836
faiss-t1,"FaissIVFPQ(nprobe=32,quantizer_efSearch=32)",deep-10M,10,57996.05920866144,562.0205,1000000.0,1881276.0,32.43799709272385,0,0,0.62228
faiss-t1,"FaissIVFPQ(nprobe=16,quantizer_efSearch=32)",deep-10M,10,84824.75069114825,282.5936,1000000.0,1881276.0,22.178385255146026,0,0,0.5303
faiss-t1,"FaissIVFPQ(nprobe=64,quantizer_efSearch=64)",deep-10M,10,29198.11931516786,1104.2937,1000000.0,1881276.0,64.43141010875702,0,0,0.70157
faiss-t1,"FaissIVFPQ(nprobe=64,quantizer_efSearch=256)",deep-10M,10,18241.767226869557,1096.0283,1000000.0,1881276.0,103.13013956394197,0,0,0.70744
faiss-t1,"FaissIVFPQ(nprobe=1,quantizer_efSearch=4)",deep-10M,10,302444.7649264494,18.4492,1000000.0,1881276.0,6.220229999542236,0,0,0.11068
faiss-t1,"FaissIVFPQ(nprobe=8,quantizer_efSearch=8)",deep-10M,10,195148.351316016,145.3142,1000000.0,1881276.0,9.640235171413421,0,0,0.38486
faiss-t1,"FaissIVFPQ(nprobe=2,quantizer_efSearch=4)",deep-10M,10,368555.0595761133,405.4193,1000000.0,2544032.0,6.902718966674805,0,0,0.2777
faiss-t1,"FaissIVFPQ(nprobe=256,quantizer_efSearch=128)",deep-10M,10,9293.867909895456,4256.6363,1000000.0,1881276.0,202.4212113018036,0,0,0.77905
faiss-t1,"FaissIVFPQ(nprobe=64,quantizer_efSearch=16)",deep-10M,10,38072.09755335971,1115.7251,1000000.0,1881276.0,49.413510704612726,0,0,0.65888
faiss-t1,"FaissIVFPQ(nprobe=8,quantizer_efSearch=4)",deep-10M,10,171455.71457186187,145.8199,1000000.0,1881276.0,10.9723726893425,0,0,0.36819
faiss-t1,"FaissIVFPQ(nprobe=8,quantizer_efSearch=32)",deep-10M,10,111742.62163184621,142.0562,1000000.0,1881276.0,16.835796158409117,0,0,0.42435999999999996
faiss-t1,"FaissIVFPQ(nprobe=2,quantizer_efSearch=8)",deep-10M,10,355618.2595129892,404.347,1000000.0,2544032.0,7.153828387451172,0,0,0.32144
faiss-t1,"FaissIVFPQ(nprobe=2,quantizer_efSearch=16)",deep-10M,10,305391.21317586757,402.3868,1000000.0,2544032.0,8.330403398132324,0,0,0.3288
faiss-t1,"FaissIVFPQ(nprobe=4,quantizer_efSearch=4)",deep-10M,10,290257.22649356764,73.6741,1000000.0,1881276.0,6.481409688663482,0,0,0.2371
faiss-t1,"FaissIVFPQ(nprobe=16,quantizer_efSearch=64)",deep-10M,10,62074.84256717257,281.0308,1000000.0,1881276.0,30.306577064037324,0,0,0.53523
faiss-t1,"FaissIVFPQ(nprobe=4,quantizer_efSearch=4)",deep-10M,10,323061.2339212817,807.3476,1000000.0,2544032.0,7.874767173767089,0,0,0.36063
faiss-t1,"FaissIVFPQ(nprobe=64,quantizer_efSearch=128)",deep-10M,10,24290.58561897702,1098.6636,1000000.0,1881276.0,77.44877087402344,0,0,0.70573
faiss-t1,"FaissIVFPQ(nprobe=32,quantizer_efSearch=8)",deep-10M,10,72166.77334324393,568.0577,1000000.0,1881276.0,26.068451073074343,0,0,0.56403
faiss-t1,"FaissIVFPQ(nprobe=64,quantizer_efSearch=32)",deep-10M,10,33661.340417164916,1111.5461,1000000.0,1881276.0,55.88832698535919,0,0,0.68957
faiss-t1,"FaissIVFPQ(nprobe=8,quantizer_efSearch=16)",deep-10M,10,102740.37766722271,143.5038,1000000.0,1881276.0,18.310970260334013,0,0,0.41607000000000005
faiss-t1,"FaissIVFPQ(nprobe=128,quantizer_efSearch=32)",deep-10M,10,18795.5750697501,2185.4085,1000000.0,1881276.0,100.09143072338105,0,0,0.72622
faiss-t1,"FaissIVFPQ(nprobe=2,quantizer_efSearch=4)",deep-10M,10,300242.9543941531,36.8634,1000000.0,1881276.0,6.265845617580413,0,0,0.16960999999999998
faiss-t1,"FaissIVFPQ(nprobe=128,quantizer_efSearch=64)",deep-10M,10,18082.754725685005,2178.6981,1000000.0,1881276.0,104.03702469778062,0,0,0.74588
faiss-t1,"FaissIVFPQ(nprobe=32,quantizer_efSearch=64)",deep-10M,10,44743.44258447726,558.0539,1000000.0,1881276.0,42.04584831504822,0,0,0.63012
faiss-t1,"FaissIVFPQ(nprobe=1,quantizer_efSearch=4)",deep-10M,10,405458.3067494152,203.8175,1000000.0,2544032.0,6.274460179138183,0,0,0.19289
faiss-t1,"FaissIVFPQ(nprobe=128,quantizer_efSearch=128)",deep-10M,10,15666.013154164582,2166.1587,1000000.0,1881276.0,120.08645604257583,0,0,0.75315
faiss-t1,"FaissIVFPQ(nprobe=32,quantizer_efSearch=128)",deep-10M,10,33011.4075503596,555.712,1000000.0,1881276.0,56.98866360454559,0,0,0.63285
faiss-t1,"FaissIVFPQ(nprobe=128,quantizer_efSearch=512)",deep-10M,10,9624.596795567408,2155.4938,1000000.0,1881276.0,195.4654350680351,0,0,0.7563
faiss-t1,"FaissIVFPQ(nprobe=128,quantizer_efSearch=256)",deep-10M,10,12585.012438576,2158.5973,1000000.0,1881276.0,149.48543032293318,0,0,0.75569
faiss-t1,"FaissIVFPQ(nprobe=16,quantizer_efSearch=16)",deep-10M,10,110348.54352584611,285.3644,1000000.0,1881276.0,17.04848963012695,0,0,0.51524
faiss-t1,"FaissIVFPQ(nprobe=256,quantizer_efSearch=512)",deep-10M,10,6730.510414605657,4226.1158,1000000.0,1881276.0,279.514610945034,0,0,0.78413
faiss-t1,"FaissIVFPQ(nprobe=4,quantizer_efSearch=8)",deep-10M,10,245494.84638661757,72.787,1000000.0,1881276.0,7.6631995648384095,0,0,0.29201
buddy-t1,"FaissIVFPQ(nprobe=1,quantizer_efSearch=4,ht=112)",ssnpp-10M,60000,169128.843934505,234.87393,1000000.0,3227980.0,19.085922453594208,0,0,0.12840230126262187
buddy-t1,"FaissIVFPQ(nprobe=1,quantizer_efSearch=4,ht=92)",ssnpp-10M,60000,170322.0860141348,234.87393,1000000.0,3227980.0,18.952210341835023,0,0,0.08029336590593131
buddy-t1,"FaissIVFPQ(nprobe=1,quantizer_efSearch=4,ht=98)",ssnpp-10M,60000,168852.95398788564,234.87393,1000000.0,3227980.0,19.117107067203523,0,0,0.09444898793973892
buddy-t1,"FaissIVFPQ(nprobe=1,quantizer_efSearch=4,ht=104)",ssnpp-10M,60000,168360.68159859604,234.87393,1000000.0,3227980.0,19.173003870916368,0,0,0.11088002376392103
faiss-t1,"FaissIVFPQ(nprobe=1,quantizer_efSearch=4,ht=112)",ssnpp-10M,60000,715523.2033463723,235.83898,1000000.0,2544204.0,3.555725360269547,0,0,0.19083687498505592
faiss-t1,"FaissIVFPQ(nprobe=1,quantizer_efSearch=4,ht=92)",ssnpp-10M,60000,666638.6933938573,235.83898,1000000.0,2544204.0,3.816466138572693,0,0,0.12060914025752628
faiss-t1,"FaissIVFPQ(nprobe=1,quantizer_efSearch=4,ht=98)",ssnpp-10M,60000,716291.8105465214,235.83898,1000000.0,2544204.0,3.551909937458038,0,0,0.14324948095253745
faiss-t1,"FaissIVFPQ(nprobe=1,quantizer_efSearch=4,ht=104)",ssnpp-10M,60000,718358.9581981013,235.83898,1000000.0,2544204.0,3.5416889717388154,0,0,0.16622759362131606
buddy-t1,"FaissIVFPQ(nprobe=256,quantizer_efSearch=512)",text2image-10M,10,17872.589095792224,39883.70408,1000000.0,895440.0,50.101302905845635,0,0,0.18340700000000001
buddy-t1,"FaissIVFPQ(nprobe=128,quantizer_efSearch=512)",text2image-10M,10,25634.47918810231,19863.46897,1000000.0,895440.0,34.93107831172943,0,0,0.182261
buddy-t1,"FaissIVFPQ(nprobe=32,quantizer_efSearch=128)",text2image-10M,10,86331.73725191459,4906.53983,1000000.0,895440.0,10.372083645057678,0,0,0.174653
buddy-t1,"FaissIVFPQ(nprobe=128,quantizer_efSearch=32)",text2image-10M,10,43228.6024393635,20043.16919,1000000.0,895440.0,20.71406313114166,0,0,0.176007
buddy-t1,"FaissIVFPQ(nprobe=8,quantizer_efSearch=32)",text2image-10M,10,128476.13959939424,1212.84091,1000000.0,895440.0,6.969698831176758,0,0,0.151139
buddy-t1,"FaissIVFPQ(nprobe=128,quantizer_efSearch=64)",text2image-10M,10,41404.57352135478,20039.37421,1000000.0,895440.0,21.62659638404846,0,0,0.1796
buddy-t1,"FaissIVFPQ(nprobe=2,quantizer_efSearch=4)",text2image-10M,10,188355.07522654635,299.54194,1000000.0,895440.0,4.75399985332489,0,0,0.074032
buddy-t1,"FaissIVFPQ(nprobe=128,quantizer_efSearch=256)",text2image-10M,10,34935.019243685834,19883.43268,1000000.0,895440.0,25.63158742675781,0,0,0.181986
buddy-t1,"FaissIVFPQ(nprobe=64,quantizer_efSearch=256)",text2image-10M,10,47511.09842931356,9876.13154,1000000.0,895440.0,18.84696480617523,0,0,0.179657
buddy-t1,"FaissIVFPQ(nprobe=4,quantizer_efSearch=8)",text2image-10M,10,182428.38334672234,607.15594,1000000.0,895440.0,4.908446720695495,0,0,0.11444499999999999
buddy-t1,"FaissIVFPQ(nprobe=32,quantizer_efSearch=64)",text2image-10M,10,89453.58145625591,4922.9036,1000000.0,895440.0,10.010107872962951,0,0,0.173027
buddy-t1,"FaissIVFPQ(nprobe=8,quantizer_efSearch=4)",text2image-10M,10,177360.63040072392,1237.3139,1000000.0,895440.0,5.048696534156799,0,0,0.12347999999999999
buddy-t1,"FaissIVFPQ(nprobe=32,quantizer_efSearch=8)",text2image-10M,10,101767.43192946189,5016.83683,1000000.0,895440.0,8.798885684967042,0,0,0.155046
buddy-t1,"FaissIVFPQ(nprobe=16,quantizer_efSearch=64)",text2image-10M,10,104644.8570057074,2439.35183,1000000.0,895440.0,8.556942267608642,0,0,0.165925
buddy-t1,"FaissIVFPQ(nprobe=4,quantizer_efSearch=4)",text2image-10M,10,184130.69961521492,608.287,1000000.0,895440.0,4.863067385673523,0,0,0.087773
buddy-t1,"FaissIVFPQ(nprobe=64,quantizer_efSearch=128)",text2image-10M,10,57858.37450994998,9895.03519,1000000.0,895440.0,15.476411281585694,0,0,0.179013
buddy-t1,"FaissIVFPQ(nprobe=64,quantizer_efSearch=16)",text2image-10M,10,68688.60295640916,10029.12599,1000000.0,895440.0,13.036223790550231,0,0,0.167898
buddy-t1,"FaissIVFPQ(nprobe=8,quantizer_efSearch=16)",text2image-10M,10,138788.8785023535,1222.11925,1000000.0,895440.0,6.451813788414002,0,0,0.14444099999999999
buddy-t1,"FaissIVFPQ(nprobe=8,quantizer_efSearch=8)",text2image-10M,10,136575.12389858876,1231.24295,1000000.0,895440.0,6.556391635894776,0,0,0.12781700000000001
buddy-t1,"FaissIVFPQ(nprobe=16,quantizer_efSearch=16)",text2image-10M,10,124678.22774748574,2472.25514,1000000.0,895440.0,7.182007766532897,0,0,0.15498499999999998
buddy-t1,"FaissIVFPQ(nprobe=64,quantizer_efSearch=64)",text2image-10M,10,62968.262482658334,9940.07591,1000000.0,895440.0,14.220497194862366,0,0,0.17722500000000002
buddy-t1,"FaissIVFPQ(nprobe=1,quantizer_efSearch=4)",text2image-10M,10,172817.24849887742,147.66936,1000000.0,895440.0,5.181427246284485,0,0,0.056393000000000006
buddy-t1,"FaissIVFPQ(nprobe=16,quantizer_efSearch=32)",text2image-10M,10,120079.74962008995,2450.89397,1000000.0,895440.0,7.45704419631958,0,0,0.162655
buddy-t1,"FaissIVFPQ(nprobe=256,quantizer_efSearch=64)",text2image-10M,10,24247.894260019064,39988.1706,1000000.0,895440.0,36.92856750354767,0,0,0.180428
buddy-t1,"FaissIVFPQ(nprobe=32,quantizer_efSearch=32)",text2image-10M,10,92691.73965188532,4953.66577,1000000.0,895440.0,9.660407748985289,0,0,0.16928700000000002
buddy-t1,"FaissIVFPQ(nprobe=256,quantizer_efSearch=128)",text2image-10M,10,23200.915711496007,40091.96296,1000000.0,895440.0,38.59502836589813,0,0,0.182361
buddy-t1,"FaissIVFPQ(nprobe=64,quantizer_efSearch=32)",text2image-10M,10,67657.86699595195,9997.92667,1000000.0,895440.0,13.234824563026429,0,0,0.17433
buddy-t1,"FaissIVFPQ(nprobe=128,quantizer_efSearch=128)",text2image-10M,10,39320.3306905749,19946.59433,1000000.0,895440.0,22.772951912498474,0,0,0.18123499999999998
faiss-t1,"FaissIVFPQ(nprobe=256,quantizer_efSearch=64)",text2image-10M,10,57793.16122489473,2913.91242,1000000.0,1933700.0,33.458976097106934,0,0,0.19376100000000002
faiss-t1,"FaissIVFPQ(nprobe=32,quantizer_efSearch=32)",text2image-10M,10,149108.1179468511,364.58931,1000000.0,1933700.0,12.968442138671875,0,0,0.176341
faiss-t1,"FaissIVFPQ(nprobe=16,quantizer_efSearch=32)",text2image-10M,10,161820.03089558618,179.6249,1000000.0,1933700.0,11.949694912910461,0,0,0.16697599999999999
faiss-t1,"FaissIVFPQ(nprobe=64,quantizer_efSearch=64)",text2image-10M,10,89777.70604833988,724.6467,1000000.0,1933700.0,21.538754832506182,0,0,0.188772
faiss-t1,"FaissIVFPQ(nprobe=64,quantizer_efSearch=256)",text2image-10M,10,29711.116110616513,707.30665,1000000.0,1933700.0,65.08338471031189,0,0,0.194369
faiss-t1,"FaissIVFPQ(nprobe=1,quantizer_efSearch=4)",text2image-10M,10,372798.8551976073,10.89086,1000000.0,1933700.0,5.186979447603226,0,0,0.036489
faiss-t1,"FaissIVFPQ(nprobe=8,quantizer_efSearch=8)",text2image-10M,10,297554.4696621434,91.58777,1000000.0,1933700.0,6.4986420879364015,0,0,0.11668700000000001
faiss-t1,"FaissIVFPQ(nprobe=256,quantizer_efSearch=128)",text2image-10M,10,41368.3957514561,2890.68645,1000000.0,1933700.0,46.74341281247139,0,0,0.19732
faiss-t1,"FaissIVFPQ(nprobe=64,quantizer_efSearch=16)",text2image-10M,10,167631.1486777323,743.08084,1000000.0,1933700.0,11.535445621252059,0,0,0.173796
faiss-t1,"FaissIVFPQ(nprobe=8,quantizer_efSearch=4)",text2image-10M,10,312969.69100027386,92.1942,1000000.0,1933700.0,6.1785535647869105,0,0,0.112013
faiss-t1,"FaissIVFPQ(nprobe=8,quantizer_efSearch=32)",text2image-10M,10,165167.2088489184,88.24812,1000000.0,1933700.0,11.707529681444168,0,0,0.150815
faiss-t1,"FaissIVFPQ(nprobe=4,quantizer_efSearch=4)",text2image-10M,10,362853.5489418836,45.37985,1000000.0,1933700.0,5.329147270679474,0,0,0.07171999999999999
faiss-t1,"FaissIVFPQ(nprobe=16,quantizer_efSearch=64)",text2image-10M,10,99928.40650998056,176.64767,1000000.0,1933700.0,19.35085395169258,0,0,0.173349
faiss-t1,"FaissIVFPQ(nprobe=64,quantizer_efSearch=128)",text2image-10M,10,55394.67230099975,713.94574,1000000.0,1933700.0,34.907689127445224,0,0,0.192421
faiss-t1,"FaissIVFPQ(nprobe=32,quantizer_efSearch=8)",text2image-10M,10,231675.74375006906,373.74571,1000000.0,1933700.0,8.34657944202423,0,0,0.155068
faiss-t1,"FaissIVFPQ(nprobe=64,quantizer_efSearch=32)",text2image-10M,10,126454.74219151832,735.27283,1000000.0,1933700.0,15.291636885166168,0,0,0.18409599999999998
faiss-t1,"FaissIVFPQ(nprobe=8,quantizer_efSearch=16)",text2image-10M,10,230819.61439298675,89.98553,1000000.0,1933700.0,8.377537606954576,0,0,0.139127
faiss-t1,"FaissIVFPQ(nprobe=128,quantizer_efSearch=32)",text2image-10M,10,103592.88624823838,1472.24037,1000000.0,1933700.0,18.666339649677276,0,0,0.186196
faiss-t1,"FaissIVFPQ(nprobe=2,quantizer_efSearch=4)",text2image-10M,10,368010.82368259656,22.16584,1000000.0,1933700.0,5.25446501994133,0,0,0.055172
faiss-t1,"FaissIVFPQ(nprobe=128,quantizer_efSearch=64)",text2image-10M,10,74559.51921306123,1459.05911,1000000.0,1933700.0,25.934984833717348,0,0,0.192662
faiss-t1,"FaissIVFPQ(nprobe=32,quantizer_efSearch=64)",text2image-10M,10,95404.88408487098,358.30255,1000000.0,1933700.0,20.268354377746583,0,0,0.18356699999999998
faiss-t1,"FaissIVFPQ(nprobe=128,quantizer_efSearch=128)",text2image-10M,10,50413.63468581685,1438.78273,1000000.0,1933700.0,38.35668687748909,0,0,0.195581
faiss-t1,"FaissIVFPQ(nprobe=32,quantizer_efSearch=128)",text2image-10M,10,56962.42517942407,353.73296,1000000.0,1933700.0,33.946939476490016,0,0,0.186944
faiss-t1,"FaissIVFPQ(nprobe=128,quantizer_efSearch=512)",text2image-10M,10,16856.330174293234,1412.13409,1000000.0,1933700.0,114.71654743385315,0,0,0.198634
faiss-t1,"FaissIVFPQ(nprobe=128,quantizer_efSearch=256)",text2image-10M,10,27905.35275557694,1421.89163,1000000.0,1933700.0,69.29494914245606,0,0,0.197574
faiss-t1,"FaissIVFPQ(nprobe=16,quantizer_efSearch=16)",text2image-10M,10,225147.84656915977,183.18525,1000000.0,1933700.0,8.588578702688217,0,0,0.153131
faiss-t1,"FaissIVFPQ(nprobe=256,quantizer_efSearch=512)",text2image-10M,10,15788.103919901318,2828.68022,1000000.0,1933700.0,122.47829187154771,0,0,0.200231
faiss-t1,"FaissIVFPQ(nprobe=4,quantizer_efSearch=8)",text2image-10M,10,301443.79242564173,44.81131,1000000.0,1933700.0,6.4147945606708525,0,0,0.09938
buddy-t1,"FaissIVFPQ(nprobe=256,quantizer_efSearch=512)",msturing-10M,10,9383.916269674564,36775.09591,1000000.0,2945928.0,313.9337474184608,0,0,0.701565
buddy-t1,"FaissIVFPQ(nprobe=128,quantizer_efSearch=512)",msturing-10M,10,15046.372219909787,18657.22303,1000000.0,2945928.0,195.78991912096023,0,0,0.674667
buddy-t1,"FaissIVFPQ(nprobe=32,quantizer_efSearch=128)",msturing-10M,10,52105.84795437876,5023.73684,1000000.0,2945928.0,56.537377581481934,0,0,0.5952
buddy-t1,"FaissIVFPQ(nprobe=128,quantizer_efSearch=32)",msturing-10M,10,21893.180194486504,18467.4222,1000000.0,2945928.0,134.55916289136886,0,0,0.593717
buddy-t1,"FaissIVFPQ(nprobe=8,quantizer_efSearch=32)",msturing-10M,10,151007.1634996704,1407.47872,1000000.0,2945928.0,19.508531461200715,0,0,0.451769
buddy-t1,"FaissIVFPQ(nprobe=128,quantizer_efSearch=64)",msturing-10M,10,21317.93321708769,18574.21981,1000000.0,2945928.0,138.1901317543602,0,0,0.6386040000000001
buddy-t1,"FaissIVFPQ(nprobe=2,quantizer_efSearch=4)",msturing-10M,10,270238.138958312,345.71199,1000000.0,2945928.0,10.901229601993562,0,0,0.140106
buddy-t1,"FaissIVFPQ(nprobe=128,quantizer_efSearch=256)",msturing-10M,10,18183.688679315223,18658.2872,1000000.0,2945928.0,162.00937290304182,0,0,0.671844
buddy-t1,"FaissIVFPQ(nprobe=64,quantizer_efSearch=256)",msturing-10M,10,29210.600687715625,9605.38853,1000000.0,2945928.0,100.8513324150467,0,0,0.6401
buddy-t1,"FaissIVFPQ(nprobe=4,quantizer_efSearch=8)",msturing-10M,10,234088.10205367563,705.17626,1000000.0,2945928.0,12.584697702083588,0,0,0.26559699999999997
buddy-t1,"FaissIVFPQ(nprobe=32,quantizer_efSearch=64)",msturing-10M,10,59890.0952189207,5000.94865,1000000.0,2945928.0,49.18890159101486,0,0,0.57566
buddy-t1,"FaissIVFPQ(nprobe=8,quantizer_efSearch=4)",msturing-10M,10,184625.51556261803,1313.95999,1000000.0,2945928.0,15.956234386253357,0,0,0.276975
buddy-t1,"FaissIVFPQ(nprobe=32,quantizer_efSearch=8)",msturing-10M,10,70394.55520629363,4828.72209,1000000.0,2945928.0,41.84880480268478,0,0,0.41476100000000005
buddy-t1,"FaissIVFPQ(nprobe=16,quantizer_efSearch=64)",msturing-10M,10,94472.77471250284,2658.48416,1000000.0,2945928.0,31.182824988098144,0,0,0.534195
buddy-t1,"FaissIVFPQ(nprobe=4,quantizer_efSearch=4)",msturing-10M,10,243271.31543750284,657.22239,1000000.0,2945928.0,12.109639785118102,0,0,0.163375
buddy-t1,"FaissIVFPQ(nprobe=64,quantizer_efSearch=128)",msturing-10M,10,34798.994370339,9593.55345,1000000.0,2945928.0,84.65554977390289,0,0,0.631988
buddy-t1,"FaissIVFPQ(nprobe=64,quantizer_efSearch=16)",msturing-10M,10,37181.28819304856,9399.82764,1000000.0,2945928.0,79.23146677179336,0,0,0.509668
buddy-t1,"FaissIVFPQ(nprobe=8,quantizer_efSearch=16)",msturing-10M,10,169690.82016544667,1375.56521,1000000.0,2945928.0,17.360561974582673,0,0,0.390887
buddy-t1,"FaissIVFPQ(nprobe=8,quantizer_efSearch=8)",msturing-10M,10,186275.5016616578,1324.1338,1000000.0,2945928.0,15.814897684993744,0,0,0.296275
buddy-t1,"FaissIVFPQ(nprobe=16,quantizer_efSearch=16)",msturing-10M,10,113395.39438271173,2575.35546,1000000.0,2945928.0,25.97925617734909,0,0,0.42623
buddy-t1,"FaissIVFPQ(nprobe=64,quantizer_efSearch=64)",msturing-10M,10,37513.532155549845,9557.25151,1000000.0,2945928.0,78.52974195510865,0,0,0.609382
buddy-t1,"FaissIVFPQ(nprobe=1,quantizer_efSearch=4)",msturing-10M,10,288619.2215828041,179.81503,1000000.0,2945928.0,10.206970914287567,0,0,0.109542
buddy-t1,"FaissIVFPQ(nprobe=16,quantizer_efSearch=32)",msturing-10M,10,108839.40811638173,2627.76832,1000000.0,2945928.0,27.066740356121066,0,0,0.4967
buddy-t1,"FaissIVFPQ(nprobe=256,quantizer_efSearch=64)",msturing-10M,10,11368.710318446643,36614.33888,1000000.0,2945928.0,259.1259621788406,0,0,0.658844
buddy-t1,"FaissIVFPQ(nprobe=32,quantizer_efSearch=32)",msturing-10M,10,66122.97572182564,4953.62271,1000000.0,2945928.0,44.552259904232024,0,0,0.532695
buddy-t1,"FaissIVFPQ(nprobe=256,quantizer_efSearch=128)",msturing-10M,10,10537.79457583602,36728.43756,1000000.0,2945928.0,279.55830594337465,0,0,0.6864410000000001
buddy-t1,"FaissIVFPQ(nprobe=64,quantizer_efSearch=32)",msturing-10M,10,37806.55318371833,9491.36652,1000000.0,2945928.0,77.92109441144943,0,0,0.571796
buddy-t1,"FaissIVFPQ(nprobe=128,quantizer_efSearch=128)",msturing-10M,10,20332.67744113816,18639.0933,1000000.0,2945928.0,144.88637851696015,0,0,0.662031
faiss-t1,"FaissIVFPQ(nprobe=256,quantizer_efSearch=64)",msturing-10M,10,9858.572642789042,3363.34865,1000000.0,1884612.0,191.1647931486797,0,0,0.655607
faiss-t1,"FaissIVFPQ(nprobe=32,quantizer_efSearch=32)",msturing-10M,10,57738.98200089479,473.199,1000000.0,1884612.0,32.64020138025284,0,0,0.520956
faiss-t1,"FaissIVFPQ(nprobe=16,quantizer_efSearch=32)",msturing-10M,10,84168.56654303172,250.51133,1000000.0,1884612.0,22.390924277372363,0,0,0.48312299999999997
faiss-t1,"FaissIVFPQ(nprobe=64,quantizer_efSearch=64)",msturing-10M,10,29963.145287861804,903.15966,1000000.0,1884612.0,62.89766918306351,0,0,0.606534
faiss-t1,"FaissIVFPQ(nprobe=64,quantizer_efSearch=256)",msturing-10M,10,15913.734838039782,898.83639,1000000.0,1884612.0,118.42675645789146,0,0,0.652524
faiss-t1,"FaissIVFPQ(nprobe=1,quantizer_efSearch=4)",msturing-10M,10,325778.016315682,17.092,1000000.0,1884612.0,5.784957565011978,0,0,0.083822
faiss-t1,"FaissIVFPQ(nprobe=8,quantizer_efSearch=8)",msturing-10M,10,190140.43260386473,128.59345,1000000.0,1884612.0,9.91168461221695,0,0,0.273525
faiss-t1,"FaissIVFPQ(nprobe=256,quantizer_efSearch=128)",msturing-10M,10,8934.084040206939,3378.46698,1000000.0,1884612.0,210.94630311495783,0,0,0.6922889999999999
faiss-t1,"FaissIVFPQ(nprobe=64,quantizer_efSearch=16)",msturing-10M,10,37562.18154723657,893.4705,1000000.0,1884612.0,50.17312420020104,0,0,0.505356
faiss-t1,"FaissIVFPQ(nprobe=8,quantizer_efSearch=4)",msturing-10M,10,201683.07086140895,128.35965,1000000.0,1884612.0,9.344423366575242,0,0,0.260676
faiss-t1,"FaissIVFPQ(nprobe=8,quantizer_efSearch=32)",msturing-10M,10,105947.05355167184,133.17958,1000000.0,1884612.0,17.788243625679016,0,0,0.43242
faiss-t1,"FaissIVFPQ(nprobe=4,quantizer_efSearch=4)",msturing-10M,10,303321.61548636056,64.34166,1000000.0,1884612.0,6.213246612768173,0,0,0.14030800000000002
faiss-t1,"FaissIVFPQ(nprobe=16,quantizer_efSearch=64)",msturing-10M,10,59431.81409194232,251.60193,1000000.0,1884612.0,31.71049090112686,0,0,0.52644
faiss-t1,"FaissIVFPQ(nprobe=64,quantizer_efSearch=128)",msturing-10M,10,23181.48387994984,901.82468,1000000.0,1884612.0,81.29816062508583,0,0,0.6384890000000001
faiss-t1,"FaissIVFPQ(nprobe=32,quantizer_efSearch=8)",msturing-10M,10,70549.4298845169,466.26211,1000000.0,1884612.0,26.713355488271716,0,0,0.41355899999999995
faiss-t1,"FaissIVFPQ(nprobe=64,quantizer_efSearch=32)",msturing-10M,10,33868.48497802544,901.28581,1000000.0,1884612.0,55.645004529218674,0,0,0.568245
faiss-t1,"FaissIVFPQ(nprobe=8,quantizer_efSearch=16)",msturing-10M,10,146544.33395990412,131.70698,1000000.0,1884612.0,12.860353922080995,0,0,0.369778
faiss-t1,"FaissIVFPQ(nprobe=128,quantizer_efSearch=32)",msturing-10M,10,19350.638889270787,1726.09268,1000000.0,1884612.0,97.39275332376481,0,0,0.5879559999999999
faiss-t1,"FaissIVFPQ(nprobe=2,quantizer_efSearch=4)",msturing-10M,10,319775.0605729307,33.28735,1000000.0,1884612.0,5.893555290470124,0,0,0.114828
faiss-t1,"FaissIVFPQ(nprobe=128,quantizer_efSearch=64)",msturing-10M,10,17496.74587868659,1737.1891,1000000.0,1884612.0,107.71214333607675,0,0,0.6381859999999999
faiss-t1,"FaissIVFPQ(nprobe=32,quantizer_efSearch=64)",msturing-10M,10,45097.18685558517,474.42833,1000000.0,1884612.0,41.790012446565626,0,0,0.5719190000000001
faiss-t1,"FaissIVFPQ(nprobe=128,quantizer_efSearch=128)",msturing-10M,10,14925.129249225758,1736.80244,1000000.0,1884612.0,126.27106730735778,0,0,0.668797
faiss-t1,"FaissIVFPQ(nprobe=32,quantizer_efSearch=128)",msturing-10M,10,31507.528994929336,474.22864,1000000.0,1884612.0,59.81465573842049,0,0,0.599205
faiss-t1,"FaissIVFPQ(nprobe=128,quantizer_efSearch=512)",msturing-10M,10,7767.0452342224025,1721.63796,1000000.0,1884612.0,242.64207857271194,0,0,0.692943
faiss-t1,"FaissIVFPQ(nprobe=128,quantizer_efSearch=256)",msturing-10M,10,11448.067371114857,1729.54647,1000000.0,1884612.0,164.62272092800143,0,0,0.685816
faiss-t1,"FaissIVFPQ(nprobe=16,quantizer_efSearch=16)",msturing-10M,10,106856.21187281619,248.41466,1000000.0,1884612.0,17.636896975564955,0,0,0.408594
faiss-t1,"FaissIVFPQ(nprobe=256,quantizer_efSearch=512)",msturing-10M,10,5727.0475336026275,3350.59419,1000000.0,1884612.0,329.0721770584774,0,0,0.720021
faiss-t1,"FaissIVFPQ(nprobe=4,quantizer_efSearch=8)",msturing-10M,10,240344.59501662062,67.67217,1000000.0,1884612.0,7.841291375284195,0,0,0.23791299999999999
buddy-t1,"FaissIVFPQ(nprobe=256,quantizer_efSearch=512)",msspacev-10M,10,9397.278742393193,42588.70115295402,1000000.0,2987696.0,317.93203989170246,0,0,0.7651316687133306
buddy-t1,"FaissIVFPQ(nprobe=128,quantizer_efSearch=512)",msspacev-10M,10,15815.825710318535,21584.335959885386,1000000.0,2987696.0,188.90547067996408,0,0,0.7448696957292946
buddy-t1,"FaissIVFPQ(nprobe=32,quantizer_efSearch=128)",msspacev-10M,10,61241.54160667121,5711.153158684678,1000000.0,2987696.0,48.785447289826905,0,0,0.6801439486969574
buddy-t1,"FaissIVFPQ(nprobe=128,quantizer_efSearch=32)",msspacev-10M,10,21095.780450545786,21624.995906672124,1000000.0,2987696.0,141.6252888583083,0,0,0.7021489971346705
buddy-t1,"FaissIVFPQ(nprobe=8,quantizer_efSearch=32)",msspacev-10M,10,187379.94060419867,1563.2005730659025,1000000.0,2987696.0,15.944588254037765,0,0,0.5694160185564197
buddy-t1,"FaissIVFPQ(nprobe=128,quantizer_efSearch=64)",msspacev-10M,10,20584.27981580651,21675.830399781687,1000000.0,2987696.0,145.1445484969443,0,0,0.7251603220084595
buddy-t1,"FaissIVFPQ(nprobe=2,quantizer_efSearch=4)",msspacev-10M,10,311245.196449138,408.49982944467183,1000000.0,2987696.0,9.59917143809875,0,0,0.2676422431436758
buddy-t1,"FaissIVFPQ(nprobe=128,quantizer_efSearch=256)",msspacev-10M,10,18599.96709372697,21605.33258288989,1000000.0,2987696.0,160.62910138199283,0,0,0.7423352435530086
buddy-t1,"FaissIVFPQ(nprobe=64,quantizer_efSearch=256)",msspacev-10M,10,31399.811147934834,11046.844896984581,1000000.0,2987696.0,95.15012641076031,0,0,0.7164244781006959
buddy-t1,"FaissIVFPQ(nprobe=4,quantizer_efSearch=8)",msspacev-10M,10,284496.44279192877,811.4325965343157,1000000.0,2987696.0,10.501698969168137,0,0,0.4232569245463228
buddy-t1,"FaissIVFPQ(nprobe=32,quantizer_efSearch=64)",msspacev-10M,10,68760.61999870263,5717.165336335107,1000000.0,2987696.0,43.45068441873229,0,0,0.6718686041751945
buddy-t1,"FaissIVFPQ(nprobe=8,quantizer_efSearch=4)",msspacev-10M,10,218689.6360289475,1541.6723973256924,1000000.0,2987696.0,13.661808827577566,0,0,0.4483831354891527
buddy-t1,"FaissIVFPQ(nprobe=32,quantizer_efSearch=8)",msspacev-10M,10,75633.80169536042,5684.725678810206,1000000.0,2987696.0,39.50212647030373,0,0,0.5775173966434711
buddy-t1,"FaissIVFPQ(nprobe=16,quantizer_efSearch=64)",msspacev-10M,10,108859.24289485753,2978.269647973803,1000000.0,2987696.0,27.445496776839494,0,0,0.6328626006276437
buddy-t1,"FaissIVFPQ(nprobe=4,quantizer_efSearch=4)",msspacev-10M,10,295228.2782478415,784.4483899577023,1000000.0,2987696.0,10.119951983366091,0,0,0.3100115977623141
buddy-t1,"FaissIVFPQ(nprobe=64,quantizer_efSearch=128)",msspacev-10M,10,35673.09968809302,11057.947093737208,1000000.0,2987696.0,83.75207162043264,0,0,0.7117205621503616
buddy-t1,"FaissIVFPQ(nprobe=64,quantizer_efSearch=16)",msspacev-10M,10,40624.221675177934,11047.407354345749,1000000.0,2987696.0,73.54469517936712,0,0,0.6482603356528858
buddy-t1,"FaissIVFPQ(nprobe=8,quantizer_efSearch=16)",msspacev-10M,10,202593.40199133015,1559.8997475781143,1000000.0,2987696.0,14.747252233455542,0,0,0.5384465820712239
buddy-t1,"FaissIVFPQ(nprobe=8,quantizer_efSearch=8)",msspacev-10M,10,213790.3134936642,1545.8623959612498,1000000.0,2987696.0,13.974889466114853,0,0,0.47054168372219946
buddy-t1,"FaissIVFPQ(nprobe=16,quantizer_efSearch=16)",msspacev-10M,10,127058.22499475586,2976.3430890981035,1000000.0,2987696.0,23.514384843038005,0,0,0.5805430481648247
buddy-t1,"FaissIVFPQ(nprobe=64,quantizer_efSearch=64)",msspacev-10M,10,38092.41361423444,11075.786430618093,1000000.0,2987696.0,78.4328352163947,0,0,0.7018556419702551
buddy-t1,"FaissIVFPQ(nprobe=1,quantizer_efSearch=4)",msspacev-10M,10,334618.40088825027,210.84001910219675,1000000.0,2987696.0,8.928666182341168,0,0,0.20936689862191296
buddy-t1,"FaissIVFPQ(nprobe=16,quantizer_efSearch=32)",msspacev-10M,10,119298.81609910245,2980.66874744167,1000000.0,2987696.0,25.043802593297304,0,0,0.6167894665029335
buddy-t1,"FaissIVFPQ(nprobe=256,quantizer_efSearch=64)",msspacev-10M,10,10864.635247108608,42676.5712580161,1000000.0,2987696.0,274.99275696302016,0,0,0.7410901896575248
buddy-t1,"FaissIVFPQ(nprobe=32,quantizer_efSearch=32)",msspacev-10M,10,73508.79286052485,5723.372765725201,1000000.0,2987696.0,40.64406289012033,0,0,0.6529096738982126
buddy-t1,"FaissIVFPQ(nprobe=256,quantizer_efSearch=128)",msspacev-10M,10,10632.892596904776,42757.14971346705,1000000.0,2987696.0,280.9861919295334,0,0,0.7551439486969573
buddy-t1,"FaissIVFPQ(nprobe=64,quantizer_efSearch=32)",msspacev-10M,10,39485.58873725014,11083.490346568427,1000000.0,2987696.0,75.6654793697289,0,0,0.6833094555873925
buddy-t1,"FaissIVFPQ(nprobe=128,quantizer_efSearch=128)",msspacev-10M,10,19937.46626381035,21644.954291172056,1000000.0,2987696.0,149.85334447552847,0,0,0.7366216400600354
faiss-t1,"FaissIVFPQ(nprobe=256,quantizer_efSearch=64)",msspacev-10M,10,10116.2033521136,4113.70012962205,1000000.0,1870164.0,184.868169895899,0,0,0.7340871878837495
faiss-t1,"FaissIVFPQ(nprobe=32,quantizer_efSearch=32)",msspacev-10M,10,58361.281166464156,566.4115158957566,1000000.0,1870164.0,32.04460153411853,0,0,0.6344624096056761
faiss-t1,"FaissIVFPQ(nprobe=16,quantizer_efSearch=32)",msspacev-10M,10,87409.41033158079,295.02612907627235,1000000.0,1870164.0,21.39545379502823,0,0,0.5920862327739118
faiss-t1,"FaissIVFPQ(nprobe=64,quantizer_efSearch=64)",msspacev-10M,10,31238.455768167165,1089.1972984036022,1000000.0,1870164.0,59.86736392730872,0,0,0.6954632282712512
faiss-t1,"FaissIVFPQ(nprobe=64,quantizer_efSearch=256)",msspacev-10M,10,19021.80450396431,1077.8043048164825,1000000.0,1870164.0,98.31685524947127,0,0,0.7229465138490927
faiss-t1,"FaissIVFPQ(nprobe=1,quantizer_efSearch=4)",msspacev-10M,10,328694.1702438203,21.947366625733387,1000000.0,1870164.0,5.6896780329652366,0,0,0.14813412471005594
faiss-t1,"FaissIVFPQ(nprobe=8,quantizer_efSearch=8)",msspacev-10M,10,189805.5577982841,157.3225201255287,1000000.0,1870164.0,9.853051837330902,0,0,0.41774457634056483
faiss-t1,"FaissIVFPQ(nprobe=256,quantizer_efSearch=128)",msspacev-10M,10,9529.602715156987,4131.152442352299,1000000.0,1870164.0,196.24784536143085,0,0,0.7559353254195661
faiss-t1,"FaissIVFPQ(nprobe=64,quantizer_efSearch=16)",msspacev-10M,10,37758.92921073044,1088.5449924955656,1000000.0,1870164.0,49.52905283840865,0,0,0.6283565288579616
faiss-t1,"FaissIVFPQ(nprobe=8,quantizer_efSearch=4)",msspacev-10M,10,198940.28576421022,157.5157252012553,1000000.0,1870164.0,9.40062990668754,0,0,0.40241847455314506
faiss-t1,"FaissIVFPQ(nprobe=8,quantizer_efSearch=32)",msspacev-10M,10,113764.6216925881,154.52786874061945,1000000.0,1870164.0,16.438889104325508,0,0,0.5329069450129622
faiss-t1,"FaissIVFPQ(nprobe=4,quantizer_efSearch=4)",msspacev-10M,10,300342.4916072301,82.27340019102196,1000000.0,1870164.0,6.22677127699163,0,0,0.2548267157866012
faiss-t1,"FaissIVFPQ(nprobe=16,quantizer_efSearch=64)",msspacev-10M,10,63269.59358207873,293.03629417383,1000000.0,1870164.0,29.55865359833335,0,0,0.6163903670350661
faiss-t1,"FaissIVFPQ(nprobe=64,quantizer_efSearch=128)",msspacev-10M,10,25414.486493100525,1082.8338108882522,1000000.0,1870164.0,73.58653500662736,0,0,0.7131805157593123
faiss-t1,"FaissIVFPQ(nprobe=32,quantizer_efSearch=8)",msspacev-10M,10,71790.6444997288,567.3101378087051,1000000.0,1870164.0,26.050246700418807,0,0,0.5537112839405103
faiss-t1,"FaissIVFPQ(nprobe=64,quantizer_efSearch=32)",msspacev-10M,10,35029.8636652409,1092.8343566653023,1000000.0,1870164.0,53.38770421352535,0,0,0.6700197844180652
faiss-t1,"FaissIVFPQ(nprobe=8,quantizer_efSearch=16)",msspacev-10M,10,148809.46112819546,155.74675944876518,1000000.0,1870164.0,12.567507373666938,0,0,0.49313344248874336
faiss-t1,"FaissIVFPQ(nprobe=128,quantizer_efSearch=32)",msspacev-10M,10,19864.864883937113,2109.200811843362,1000000.0,1870164.0,94.14431011369372,0,0,0.6882794378496384
faiss-t1,"FaissIVFPQ(nprobe=2,quantizer_efSearch=4)",msspacev-10M,10,299477.85354448075,42.781211625051164,1000000.0,1870164.0,6.244748911699506,0,0,0.2055839814435803
faiss-t1,"FaissIVFPQ(nprobe=128,quantizer_efSearch=64)",msspacev-10M,10,18576.842903729488,2117.4657524901077,1000000.0,1870164.0,100.67178851065945,0,0,0.7199890844589986
faiss-t1,"FaissIVFPQ(nprobe=32,quantizer_efSearch=64)",msspacev-10M,10,47251.84507601362,562.4228407695456,1000000.0,1870164.0,39.57864496066733,0,0,0.6628564606358303
faiss-t1,"FaissIVFPQ(nprobe=128,quantizer_efSearch=128)",msspacev-10M,10,16484.05443535711,2110.882350934643,1000000.0,1870164.0,113.45291337964966,0,0,0.7379280938736527
faiss-t1,"FaissIVFPQ(nprobe=32,quantizer_efSearch=128)",msspacev-10M,10,34341.69029860126,559.4625801610042,1000000.0,1870164.0,54.45754078319704,0,0,0.6780324737344794
faiss-t1,"FaissIVFPQ(nprobe=128,quantizer_efSearch=512)",msspacev-10M,10,9833.016234364444,2090.174171101105,1000000.0,1870164.0,190.19230268980408,0,0,0.755403192795743
faiss-t1,"FaissIVFPQ(nprobe=128,quantizer_efSearch=256)",msspacev-10M,10,13515.896106294378,2098.8429526538407,1000000.0,1870164.0,138.36774012557416,0,0,0.749338245326784
faiss-t1,"FaissIVFPQ(nprobe=16,quantizer_efSearch=16)",msspacev-10M,10,109697.65935082581,297.3149133578933,1000000.0,1870164.0,17.048349172328273,0,0,0.544709373720835
faiss-t1,"FaissIVFPQ(nprobe=256,quantizer_efSearch=512)",msspacev-10M,10,6860.22495115669,4089.3479669804883,1000000.0,1870164.0,272.60971955222476,0,0,0.7759960431163869
faiss-t1,"FaissIVFPQ(nprobe=4,quantizer_efSearch=8)",msspacev-10M,10,239946.25038589205,82.2856119525174,1000000.0,1870164.0,7.7940955401150065,0,0,0.3603220084595443